0,na
1,na
2,nike vaporfly 4%
3,na
4,na
5,nike pegasus 34
6,saucony ride
7,na
8,new balance hanzo
9,na
10,nike vaporfly 4%
11,na
13,na
14,nike streak 6 negras
15,na
16,nike zoom fly flyknit
17,na
18,nike lt
19,na
1,na
3,na
4,na
5,na
8,na
9,na
10,na
11,nike vaporfly 4% flyknit
12,na
13,adidas adizero adios 3
15,na
16,na
17,nike vomero 10
18,na
19,na
0,na
1,na
2,na
3,na
4,na
5,na
6,na
7,na
8,na
9,na
11,na
12,nike zoom fly
13,adidas adizero adios
14,na
15,na
16,adidas adizero takumi ren
18,na
0,adidas adios
1,na
2,na
3,na
4,na
5,adidas adizero boost 3
6,na
7,saucony triumph iso 2
8,na
9,na
10,na
11,adidas adizero boston 6
12,na
14,na
15,adidas adizero adios boost 3
16,na
17,na
18,na
19,na
0,na
1,adidas boston
2,na
3,na
4,na
5,nike zoom fly negras
6,na
7,na
8,na
9,na
11,na
12,nike lunarglide 9
13,brooks hyperion
14,na
16,na
17,zoot huaraches asfalto princess
18,na
19,na
1,adidas supernova
2,na
3,na
4,na
5,na
6,adidas boston 7
7,na
8,na
9,na
10,na
11,nike air zoom streak lt 4 148gr
12,na
13,na
14,na
15,na
16,na
17,adidas adizero boston boost 6
18,nike vaporfly 4% flyknit
19,adidas terrex agravic
0,saucony hattori
1,na
3,na
4,na
5,na
6,adidas por defecto
7,nike air zoom pegasus 35 
8,na
9,na
11,na
12,na
13,na
14,na
15,asics noosa ff
16,na
17,na
18,na
19,na
0,na
1,na
2,na
3,new balance zante v3 - 2018
4,na
5,na
6,na
7,na
8,na
9,na
11,na
12,nike streak 6
13,na
14,nike zm vaporfly 4%
15,na
16,na
17,na
18,saucony kinvara
19,asics nimbus
0,na
1,na
2,na
3,nike pegasus 35
4,na
5,nike nike zoom pegasus 35 turbo
6,na
7,na
9,na
10,saucony breakthru 2
11,saucony ride 6
12,na
13,na
14,na
15,na
16,na
17,na
18,na
0,na
1,na
2,na
3,na
4,na
5,nike elite 10
6,na
7,na
8,na
9,na
10,na
11,na
12,nike vaporfly 4%
13,na
14,na
15,na
16,nike pegasus 35 oro
17,na
18,new balance 1400v4
19,adidas boston 7
0,nike vomero 11
1,adidas supernova
2,na
3,na
4,na
5,na
6,na
7,na
8,nike zoom elite 10
9,nike pegasus 35
10,na
11,na
12,adidas supernova sequence
13,na
14,na
15,na
16,na
17,na
18,na
19,na
0,adidas adizero boston 6
1,na
2,na
3,na
4,na
5,asics noosa 7
6,saucony type a8
7,na
8,na
9,na
10,na
11,na
12,na
13,na
14,nike elite 9
15,na
16,adidas boston 6 ss18
17,na
18,na
19,na
1,na
2,na
3,mizuno hitogami 3
5,na
6,asics cumulus 16
7,na
8,na
9,na
10,asics kayano 23
11,na
12,na
13,na
14,na
15,na
16,na
17,na
18,adidas ultraboost 4.0
19,na
0,saucony kinvara 8
1,na
2,na
3,na
4,new balance 1500 v3
5,na
6,na
7,na
8,new balance vazee prism v2
9,na
10,na
11,na
12,na
13,na
14,brooks glycerin 16
15,adidas adios
16,na
17,na
18,na
19,na
0,na
1,new balance vazee pace
2,brooks adrenaline gts 18
3,na
4,new balance 1500v4
5,na
6,na
7,na
8,na
9,na
10,na
11,na
12,na
13,na
14,new balance 1500 v4
15,na
16,na
17,na
18,na
19,na
0,na
2,na
3,na
5,nike streak 6
6,na
8,na
12,na
13,na
15,na
16,na
17,na
18,new balance zante v3
19,na
0,na
1,na
2,na
3,na
4,na
5,na
6,adidas solar boost
7,na
8,new balance zante
9,na
10,new balance fresh foam zante
11,adidas supernova
12,new balance 890 v6
13,adidas adizero adios
14,kalenji fast
15,na
17,na
18,na
19,na
0,adidas boston 7
1,brooks ravenna
2,na
3,mizuno ultima 10
4,asics dynaflyte 2
5,na
6,na
7,na
9,na
10,adidas supernova glide 9
11,na
12,na
13,na
14,na
15,na
16,na
17,na
18,na
19,na
1,na
2,na
3,na
4,na
5,na
6,na
7,na
8,na
9,na
10,na
11,na
12,mizuno hitogami 2
13,na
14,na
15,adidas supernova aktiv
16,nike air zoom vomero 11
17,na
19,na
0,na
1,na
2,na
3,na
4,na
5,na
6,adidas glide boost
7,na
8,na
9,na
12,na
13,na
14,na
15,na
16,nike pegasus 35
17,na
18,na
19,na
0,na
1,salming speed 6
2,on cloudsurfer
3,na
4,na
5,na
6,na
7,new balance 1400 v6
8,na
10,na
11,na
12,na
13,na
14,new balance boracay v3
15,nike zoom fly
16,na
17,na
18,na
19,na
0,na
1,na
2,na
3,na
4,saucony type a
5,na
6,na
7,na
8,na
9,na
10,na
11,na
12,na
13,na
14,new balance 1260 v4
15,na
16,merrell bare access flex e-mesh
17,na
18,brooks glycerin
19,na
0,na
1,na
2,na
3,na
4,na
6,na
7,na
8,na
9,na
11,asics ds trainer 22
12,saucony ride 9
13,asics ninbus
14,na
15,na
16,brooks ghost 11
17,na
18,na
0,adidas pure boosts dpt
1,mizuno sawonara
2,na
3,na
4,na
5,na
6,mizuno wave rider 20
7,na
8,nike zoom fly
9,new balance ff zante v4
10,na
11,na
12,na
13,saucony breakthrough
14,na
15,na
16,na
17,na
18,adidas boston 7 black.
19,na
0,na
1,na
2,na
3,nike pegasus 32
4,na
5,on cloud flow
6,na
7,asics gel ziruss
8,na
9,na
10,na
11,brooks launch 5
12,na
13,na
14,na
15,na
16,na
18,na
19,na
0,salomon sonic pro2
2,na
4,adidas ultra boost
5,na
6,nike vomero 13
7,adidas boston adizero
8,na
9,nike epic react 2018
10,na
11,na
12,adidas adizero boston
13,na
14,na
15,na
17,na
18,mizuno wave rider 19
19,na
0,adidas ultraboost st
2,na
3,na
4,na
5,na
6,na
7,na
8,na
9,na
10,mizuno wave inspire 13
11,na
12,na
13,na
14,na
15,new balance vazee pace
16,na
17,na
18,adidas adios boost hl
19,na
1,na
2,na
3,na
4,na
5,na
6,nike air zoom pegasus 35
7,na
9,na
10,na
11,na
12,na
14,na
15,na
17,na
18,nike streak 6
19,brooks launch
0,na
2,new balance 870v4
3,na
4,saucony xodus
5,adidas supernova boost glide 9 grises
6,adidas adizero
7,na
8,na
9,na
10,na
14,na
15,na
17,na
18,na
19,na
0,na
1,na
2,na
3,na
4,na
5,na
6,na
7,na
8,nike pegasus 35
9,na
12,adidas solar boost
13,asics gel pulse 9
14,na
15,nike zoom streak
17,na
18,na
19,cloudflow cloudflow
0,adidas adizero boston
1,na
2,na
3,na
4,na
5,hoka one one arahi2
6,na
7,adidas energy boost orange
9,na
10,adidas adizero boston boost 5
11,no name huarache vte
12,new balance zante v4
13,na
14,na
15,na
16,na
17,na
19,asics cumulus 19
0,na
1,na
2,na
3,mizuno wave rider 21 black
4,on cloud
5,na
6,na
7,kalenji kiprun race 2017
8,adidas adizero tempo
9,na
10,na
11,na
13,na
14,na
15,na
16,na
17,asics noosa ff
18,na
19,new balance 1080
0,na
1,na
2,na
3,on cloudflow
4,na
5,na
6,mizuno wave precision 14
7,na
8,na
9,na
10,na
11,na
12,na
13,new balance 690v3
14,na
15,na
16,saucony triumph iso 3
17,na
18,na
19,saucony ride 9 2017
0,na
1,asics gel nimbus 18 
2,na
3,kalenji kip run fast
4,new balance 1400 v5
5,na
6,na
7,na
8,na
9,na
10,na
11,saucony guide 9
12,na
13,na
14,na
15,na
16,na
17,na
19,na
0,on cloudflow
1,brooks glycerin 15 rojas
2,na
3,na
4,na
5,new balance 1400
6,na
7,adidas glide 7 gris
8,na
9,na
10,na
11,na
12,adidas ultra boost
13,na
14,na
15,on cloudflow
16,na
17,brooks revel
18,na
0,na
1,na
2,asics nossa tri 11
3,na
4,adidas supernova
5,nike air zoom pegasus 35
6,na
7,na
8,na
9,na
10,na
11,na
12,na
13,adidas boston 6
14,na
15,na
16,na
17,na
19,na
0,na
1,na
2,na
3,na
4,na
5,adidas secuence9
6,brooks adrenaline gts
7,na
8,na
9,na
10,na
11,brooks levitate 2
13,na
14,na
15,adidas adizero boston
16,na
17,reebok zprint 3d
19,na
0,adidas adizero boston boost 6
1,na
2,na
3,adidas boston boost 3
4,na
5,na
6,na
7,nike pegasus 34
8,na
9,na
10,na
11,na
12,na
13,na
14,mizuno waverider 18
15,na
16,na
17,na
18,na
19,na
0,na
1,na
2,na
4,na
5,na
6,na
7,na
8,na
9,na
10,adidas supernova m
11,na
12,na
13,na
14,na
15,na
16,saucony ride
17,na
18,na
19,na
0,na
1,nike free rn flyknit
2,na
3,na
4,na
6,adidas ultraboost st
7,na
8,na
9,na
10,asics gel nimbus 20
11,na
12,na
13,na
14,na
16,na
18,adidas solar boost
19,adidas adios 2015
0,na
1,na
2,na
3,nike epic react flyknit
4,na
5,asics gel nimbus
6,na
7,na
8,na
9,na
10,na
11,na
12,na
15,na
16,na
17,nike air zoom pegasus 34
18,na
19,adidas glide
0,na
1,na
2,na
5,na
6,na
7,nike pegasus 35
8,na
9,na
10,adidas energy boost
12,na
13,altra vanish r
14,na
15,na
18,na
19,na
0,na
1,new balance new balance fresh foam 1080
2,na
3,na
5,na
6,na
7,na
8,na
9,na
10,na
11,na
12,na
13,adidas energy boost
14,na
15,na
16,na
17,na
18,asics
19,na
0,na
1,na
2,na
3,mizuno inspire 13
5,adidas solar boost
6,na
7,na
8,na
9,na
10,na
11,na
12,na
13,na
14,na
15,adidas supernova
16,na
17,na
18,na
19,na
0,asics zinbus
1,na
2,na
3,adidas solarboost
4,na
5,na
6,na
7,na
8,adidas tempo boost 7
9,on cloudflow
10,nike zoom elite 9
12,na
13,na
14,na
15,na
17,na
18,adidas ultra boost
19,na
0,na
1,na
2,adidas supernova
3,na
4,salomon gtx
5,na
6,enix 080
8,na
9,na
10,na
11,na
12,na
13,asics kayano amarillas
14,na
15,na
16,na
17,na
18,na
19,na
0,nike zoom fly naranjas
1,na
2,na
4,na
5,na
6,na
7,nike pegasus 35
8,adidas supernova
10,na
12,na
13,na
14,na
15,na
17,na
18,na
19,na
0,na
1,na
2,na
3,na
4,na
5,na
6,na
7,saucony xodus
8,na
9,mizuno wave ultima 10
10,asics gel - cumulus 18
11,na
12,na
13,na
14,na
16,na
18,na
19,na
0,na
1,adidas solar glide st
2,brooks ghost 11
3,nike epic react flyknit
4,na
5,na
6,na
7,na
8,na
9,na
10,na
11,na
12,mizuno wave rider 21
13,saucony triumph iso 3
15,mizuno wave ryder 21
16,nike flyknit 2017
17,na
18,na
19,na
0,na
1,na
2,kalenji k-ring
3,asics ds trainner
4,na
5,nike pegasus 35
6,na
7,adidas galactic elite
8,na
9,na
10,na
11,mizuno wave rider 19
12,na
13,na
14,na
15,na
16,na
17,na
18,na
19,na
0,na
1,na
2,na
3,na
4,na
5,na
6,na
7,new balance zante v4
8,na
9,na
10,nike pegasus 32
11,na
12,na
13,asics gel cumulus 19
14,na
15,na
16,na
17,new balance new balance 1500v4 run ldn
19,na
0,na
1,na
2,na
3,na
4,asics kayano 24
6,na
8,na
9,adidas energy boost
10,na
11,adidas energy boost
12,nike pegasus 34
14,na
15,na
16,na
17,na
0,na
1,na
2,na
3,na
4,na
6,na
7,na
8,na
9,na
10,na
11,na
12,na
13,na
14,na
15,na
16,na
17,asics gel nimbus 20
18,na
19,new balance fresh foam zante v3
0,na
1,na
2,na
3,na
4,na
5,nike zoom pegasus 35
6,na
7,na
8,na
9,na
10,na
11,na
12,na
13,nike pegasus 34
14,na
15,na
16,na
18,na
19,na
0,mizuno wave rider 21
1,na
2,brooks adrenaline gts
3,na
4,brooks levitate
5,na
6,na
7,na
8,na
9,asics gel nimbus 16
10,na
11,na
12,na
13,na
14,na
15,na
16,na
17,na
18,na
19,adidas solar boost 2018
0,adidas boston 6
1,na
2,na
3,na
4,mizuno sonic
5,na
6,na
7,on cloud racer
8,na
9,na
10,na
12,na
13,asics gt-2000 5
15,adidas glide boost
17,na
18,na
19,na
0,na
1,na
2,na
3,na
4,na
5,na
6,na
8,na
9,asics roadhawk
10,brooks ghost
11,na
12,asics nimbus 17 maratona nyc
13,na
15,nike free flyknit 2017
17,na
18,na
19,na
0,nike zoom pegasus 34
2,na
3,na
4,na
5,na
6,na
7,na
8,adidas ultra boost st
9,na
10,na
11,na
12,na
14,na
15,na
16,na
17,asics dynaflyte
18,na
19,na
0,asics nimbus 18
1,na
2,na
3,na
4,na
5,na
6,na
8,na
9,na
10,na
11,na
12,adidas energy
13,na
14,na
15,na
16,adidas ultra boost
17,na
18,na
19,na
0,na
1,na
2,na
3,nike odyssey react
4,na
5,na
6,na
7,na
8,na
9,na
10,na
11,brooks glycerin 15
12,nike lunarepic low flyknit 2
13,na
14,na
15,na
16,na
17,adidas adizero2
18,na
19,na
0,na
1,na
2,na
3,new balance 1080
4,na
5,na
7,na
8,na
9,na
10,na
11,zoot solana
12,na
14,na
15,na
16,na
17,new balance fresh foam
18,na
19,asics nimmbus17
0,na
1,na
2,na
4,na
5,adidas adizero adios 3 blancas
6,na
7,na
8,na
9,hoka one one clifton 4
10,adidas boost
12,na
13,na
14,na
17,na
18,na
19,nike pegasus 35
0,na
1,na
2,new balance boracay
3,na
4,na
5,na
6,na
7,na
8,na
9,nike flex experience rn 6 premium
10,nike pegasus 38
11,na
12,na
13,na
14,na
15,na
16,na
17,na
18,na
0,na
1,na
2,na
3,na
4,na
5,na
6,na
7,na
8,na
10,na
11,na
12,na
13,na
14,nike pegasus 32
15,adidas energy boost
16,na
18,na
19,na
0,na
2,na
3,adidas boston 7
4,na
5,na
6,na
7,na
8,na
9,na
10,adidas ultraboost
11,na
12,na
13,na
14,nike vomero 8
15,na
16,na
17,na
18,na
19,na
0,nike dual fusion x2
1,na
2,na
3,adidas adizero boston 6
4,na
5,na
6,nike vaporfly 4% flyknit
7,na
8,na
9,na
10,na
11,na
12,na
13,na
14,na
15,adidas adizero boston 6
16,na
17,na
18,na
19,na
0,na
1,adidas ultra boost
2,na
3,adidas adizero boston
4,na
5,na
6,na
7,na
8,na
9,na
10,na
11,na
12,asics nimbus-gel 20
13,na
14,na
15,brooks ghost 10
16,na
17,na
18,na
19,na
0,saucony triumph iso 3
1,na
2,na
3,na
4,na
5,na
6,na
7,na
8,na
9,adidas adizero boston 6
10,na
11,na
12,na
13,na
14,na
15,na
16,na
17,nike air zoom pegasus 35
18,nike air zoom pegasus 35
0,na
1,na
2,asics gel cumulus 19
3,new balance 890v6
4,na
5,salomon sonic pro 2
6,na
7,na
8,new balance 860 v7
9,na
10,na
11,na
12,na
13,na
14,na
15,na
16,na
17,na
19,na
0,na
1,na
2,nike pegasus 35
3,na
4,na
5,na
6,mizuno wave inspire 12
7,adidas energy boost 3
8,na
9,asics cumulus 19
11,na
12,na
13,na
14,merrell trail glove 4
15,na
16,na
17,na
18,asics cumulus 20
19,nike pegasus 35
0,asics nimbus 20
1,na
2,adidas solar boost
3,na
4,na
5,na
6,na
7,na
8,adidas supernova glide 9
9,na
11,na
12,na
13,na
14,na
15,na
16,asics gel kayano 24
17,na
18,na
19,na
0,asics gel cumulus 19
1,na
2,na
3,new balance 890v6
4,na
5,adidas supernova boost 9
6,na
7,na
8,na
9,na
10,na
12,na
13,brooks adrenaline gts
14,na
15,na
16,na
17,brooks levitate
18,na
19,na
0,asics metarun
1,brooks ghost
2,na
3,na
4,na
5,na
6,na
7,na
8,na
9,na
11,na
12,na
13,na
15,na
16,na
17,adidas glide 8
0,na
1,adidas supernova
2,adidas adios 3 boost
3,adidas energy 4
4,na
5,na
6,na
8,new balance zante fresh foam
10,asics cumulus 18
11,na
12,na
14,na
15,na
16,na
17,na
18,na
0,na
1,na
2,na
3,na
4,na
5,brooks adrenaline gts 18
6,na
7,na
8,asics noosa ff
9,na
10,na
11,na
12,nike zoom fly rojas
13,na
14,asics cumulus18
15,asics gel cumulus 19
16,na
17,na
18,new balance fresh foam zante
19,new balance 880v7 black
0,na
1,na
2,na
3,na
4,na
5,na
6,na
7,na
8,na
9,na
10,mizuno wave rider
11,na
12,na
13,nike zoom pegasus 35
14,na
15,new balance 860 v9
16,na
17,na
18,na
19,na
0,adidas energy boost
1,na
2,na
3,na
4,na
6,na
7,na
8,adidas ultra boost
9,on cloudflow
10,na
11,adidas ultraboost
12,na
13,na
14,na
15,na
16,na
17,na
18,na
19,na
0,brooks glycerin
1,mizuno wave rider 21
2,na
4,na
6,na
7,nike vomero 13
8,saucony clarion
9,na
10,na
11,na
12,na
13,na
14,na
15,na
16,na
17,new balance 1080
18,na
0,na
1,na
2,na
3,adidas supernova
4,na
5,na
7,na
8,na
9,na
10,asics nimbus 20
11,na
13,na
14,mizuno wave inspire 13
15,na
16,na
17,na
18,na
19,na
0,na
1,na
2,na
3,adidas supernova
4,na
5,na
6,na
7,na
8,nike vomero
9,na
10,na
11,na
12,na
13,na
14,na
15,na
16,na
17,na
18,na
19,na
0,na
1,na
2,adidas supernova sequence 9 ter
3,na
4,na
5,na
8,nike nike air zoom pegasus 35
9,na
10,joma hispalis 806 red
11,na
13,na
14,na
15,na
16,na
17,na
18,na
19,na
0,na
1,na
2,na
3,na
4,nike vomero 11
5,na
6,na
8,na
9,na
10,na
11,na
12,na
13,la sportiva akasha
14,na
15,brooks beast
16,na
17,quechua modelo 1
18,na
19,na
0,brooks ghost 10
1,adidas supernova 9
2,na
3,merrell bare acces 4
4,na
5,nike vomero13 rojas
6,na
7,na
8,na
9,asics gel nimbus 20
10,na
11,na
12,kalenji kiprun long distance
13,na
14,na
15,na
16,na
17,mizuno wave rider 22
18,na
19,saucony hurricane iso 3
0,adidas energy boots
1,na
2,na
4,na
5,na
6,na
8,na
9,adidas solarboost
10,mizuno wave 10
11,na
13,mizuno waverider 20
15,brooks glycerin
16,on cloud flow
17,na
18,na
19,adidas energy boost m
0,new balance arishi fresh foam
1,adidas ultraboost parley
2,na
3,na
4,na
5,na
6,na
7,na
8,na
9,na
10,na
11,na
12,mizuno a
13,asics kayano 25
14,na
15,na
16,na
17,asics gt3000-4
18,na
19,na
0,na
1,na
2,na
3,na
4,na
5,na
6,asics nimbus 18
7,nike zoom streak 6
8,na
9,asics gt-1000 6
10,brooks ravenna 9
11,na
12,brooks ghost 10
13,na
14,na
15,na
16,na
17,na
18,na
19,na
0,na
2,na
3,adidas ultraboost
4,na
5,na
6,na
7,na
8,na
9,nike pegasus 34
10,na
11,na
12,na
13,merrell bare access flex
14,na
15,na
16,merrell bare access 4
17,adidas ultra boost
18,na
19,na
0,na
1,na
2,na
5,na
7,na
8,na
9,na
10,na
11,na
12,na
13,na
14,brooks ghost
15,na
16,na
17,na
18,na
19,brooks ghost
0,na
1,na
4,na
6,na
7,brooks adrenaline gts
8,na
10,na
11,na
12,adidas supernova
13,na
14,na
15,na
16,na
18,na
19,na
0,na
1,nike pegasus 35 azul
2,na
3,na
4,new balance zante
5,asics gt 2000 6
6,nike air zoom pegasus 34
7,na
8,na
9,na
10,na
11,na
12,na
13,na
15,asics gel-nimbus 18
16,na
17,adidas glide boost
18,na
19,saucony iso 2
0,na
1,adidas glide
3,na
5,na
7,na
8,na
9,na
10,na
11,na
12,na
13,na
14,na
15,na
16,na
17,na
18,na
19,na
0,asics nimbus 18
1,na
2,na
3,na
4,na
6,na
7,na
8,nike 4
9,adidas glide boost
10,na
11,na
12,na
13,na
14,na
15,mizuno hitogami 03
16,na
17,nike vomero 7
18,new balance fuelcore sonic
19,na
0,na
1,na
4,na
5,na
6,na
7,na
8,brooks glicerine 15
9,na
10,na
11,na
12,brooks glycerin
14,na
15,na
17,na
18,na
19,na
0,na
1,na
2,na
3,na
4,na
6,na
7,na
8,na
9,na
10,na
11,na
12,na
13,na
14,adidas ultra boost
15,adidas solar glide
16,na
17,na
18,na
19,na
0,na
1,nike pegasus 35
2,saucony ride10
3,na
4,na
5,nike pegasus 35
6,na
8,new balance fuelcore rush
9,na
10,na
11,na
12,na
13,na
14,na
15,na
17,na
18,hoka one one hupana
19,na
0,na
1,na
2,na
3,na
4,na
5,na
6,adidas adizero boston
7,na
8,na
9,new balance nb860 v3
10,na
11,na
12,na
13,na
14,na
18,na
19,na
0,na
1,na
2,nike pegasus 35 turbo
3,na
4,new balance speed ride strobe 2
5,asics
6,na
7,na
8,na
9,na
11,na
12,asics pulse 8
13,na
14,na
15,na
16,na
17,na
18,na
19,na
0,na
1,na
2,na
3,na
4,na
5,na
6,na
7,na
8,na
9,na
10,na
11,na
12,na
13,na
14,brooks ghost
15,na
16,na
17,enix 080
18,na
19,na
0,na
1,adidas supernova glide 9
2,na
3,na
4,na
5,adidas glide boost 2017
6,na
7,adidas adidas supernova glide boost 8
8,na
9,na
10,na
11,na
12,na
13,na
14,na
15,na
16,na
17,na
18,na
19,na
0,na
1,na
3,na
4,na
5,na
6,na
7,na
8,na
9,na
10,na
11,na
12,na
13,nike air zoom vomero 12
14,na
15,na
16,mizuno ultima 8
18,na
19,na
0,hoka one one conquest 2
1,na
2,nike pegasus 34
4,asics colorines
5,na
6,na
8,na
9,na
10,na
11,nike pegasus zoom turbo
12,na
13,na
14,na
16,na
17,na
18,na
19,na
0,na
1,na
2,na
3,na
5,na
6,na
7,topo athletic st-2 grey
8,nike zoom pegasus 35
9,na
10,adidas adizero adios 2
11,brooks trascend 5
12,na
13,adidas supernova
14,na
15,brooks ghost
16,na
17,asics metarun
18,nike pegasus 30
19,nike pegasus 35
0,na
1,na
2,na
3,na
4,na
5,na
6,na
7,na
8,adidas ultra boost st
9,na
10,na
11,na
12,na
13,na
14,na
15,nike pegasus 34
16,na
17,na
18,na
19,na
0,na
2,brooks pureflow
3,na
4,na
5,na
6,na
7,adidas ultra boost
8,na
9,mizuno wave ryder 21
10,na
11,na
12,na
13,na
14,na
15,na
16,na
17,na
18,na
19,na
0,merrell bare access 4
1,nike vomero 13
2,na
3,na
4,na
5,nike vomero 8
6,mizuno wave rider 21
7,nike pegasus
8,asics gel pulse azules
9,na
11,na
12,na
13,na
14,na
15,na
16,na
17,na
18,na
19,nike free rn
0,nike pegasus turbo
1,mizuno wave ultima 8
2,na
3,na
4,na
5,na
6,na
7,na
8,na
10,na
11,na
12,na
13,mizuno rider 20
14,na
15,na
16,na
17,na
19,na
1,asics gt-2000 5
2,vibram v-run
3,na
4,na
5,na
6,na
7,na
8,na
9,new balance v880 v8
10,na
11,na
12,na
13,asics gel tri noosa t530n
14,na
15,na
16,brooks ghost 10
17,na
18,na
19,na
0,na
1,na
2,na
3,na
4,na
5,na
8,na
9,na
10,nike air zoom pegasus 334
11,na
12,na
13,na
14,na
15,brooks aduro 5
16,asics duomax
17,na
18,hoka one one clifton 4
19,adidas energy
2,na
3,na
4,na
5,na
6,saucony triumph iso 4
7,na
8,na
9,nike pegasus turbo
10,mizuno wave sky i
11,na
12,na
13,asics cumulus 20
14,na
15,saucony ride 8
17,na
18,na
19,na
0,na
1,na
2,na
4,na
6,na
8,na
9,na
11,na
12,na
13,na
14,new balance fresh foam
15,na
16,na
17,na
18,na
1,nike vomero 12
2,na
3,na
6,na
7,na
8,na
9,na
10,na
12,na
13,nike vomero12
14,na
15,na
16,brooks ghost 11
17,na
18,na
19,na
0,new balance 860v8
4,na
5,na
6,na
7,na
8,joma supercross
10,na
11,na
12,na
13,mizuno ultima 7
14,mizuno rider 19
15,na
16,na
17,na
18,na
19,na
0,na
1,skechers go run ride
2,na
4,na
5,brooks glycerin
6,na
7,na
8,saucony freedom iso
10,na
11,na
12,na
13,na
14,na
15,na
16,na
17,na
18,na
19,na
0,new balance fresh foam zante v4
1,na
3,na
4,asics nimbus 19
5,adidas solarboost
6,na
7,adidas ultra boost st
8,na
9,na
10,brooks adrenaline gts 18
12,na
13,na
14,nike pegasus 32
15,na
16,na
17,na
0,na
1,na
2,na
3,na
4,na
5,brooks gosht 11
6,saucony triumph 2
7,na
8,na
9,na
10,na
11,na
12,na
13,na
14,na
15,nike pegasus 34
16,na
17,kalenji carretera
18,na
19,na
0,na
1,na
3,na
4,na
5,na
6,na
7,saucony everun
8,mizuno wave avenger
9,na
10,na
11,saucony ride 8
12,na
14,na
15,na
17,na
18,na
0,na
1,na
2,na
3,na
4,na
5,na
6,na
7,na
8,hoka one one valor
9,na
10,na
11,na
12,brooks addiction
13,na
14,na
16,saucony ride
18,new balance 1080 v6
19,na
0,na
1,na
2,na
4,na
6,brooks glycerin 14
8,na
10,na
11,na
12,nike epic react odissey
13,na
15,na
16,na
17,saucony triumph iso
18,nike pegasus 35
0,na
1,brooks ghost
2,na
3,asics gel nimbus 17
4,na
5,na
6,na
7,na
8,na
9,na
11,brooks ghost 11
12,na
13,na
14,na
15,na
16,na
18,na
19,new balance 860 v7
0,na
2,na
3,na
4,na
5,mizuno wave ultima 8
7,na
8,na
9,hoka one one clifton 4
10,asics gel-ds trainer 22
11,na
12,na
13,na
14,na
15,na
16,na
17,na
18,nike pegasus 34
19,na
0,salomon sense pro max
1,na
2,na
3,mizuno wave ultima 9
4,na
5,new balance 1080
7,na
8,na
9,na
10,na
11,hoka one one arahi2
12,na
13,na
14,na
15,na
16,na
17,na
18,na
19,na
0,na
1,na
2,na
3,na
4,na
5,na
6,na
7,na
8,na
9,na
10,na
11,na
13,adidas supernova 2017
14,na
15,na
16,na
17,na
18,na
19,new balance beacon
0,na
1,asics kayano 24
2,na
4,na
5,na
6,na
7,na
8,na
9,na
10,na
12,na
13,brooks glycerin
14,na
15,na
16,na
17,na
18,mizuno ultima wave 9
19,na
0,saucony omni 16
1,na
2,asics cumulus 20
3,na
4,na
5,na
7,adidas ultraboost
8,na
9,na
10,na
11,nike pegasus 33
12,na
13,na
14,na
15,na
17,na
19,na
1,na
2,na
3,na
4,na
6,na
7,na
8,na
9,saucony ride 9
10,mizuno ultima 10
11,na
13,na
14,na
15,na
16,na
17,asics noosa ff
19,na
0,na
1,na
2,adidas adizero tempo
5,na
6,asics gt-2000 6
7,na
9,na
10,na
11,na
12,nike nike air zoom pegasus 34
13,na
14,na
15,na
16,na
17,na
18,na
0,na
1,na
2,na
3,na
4,na
5,na
6,na
7,na
8,na
9,na
10,na
12,na
13,na
14,new balance m1260
15,na
16,na
17,brooks transced serie 5
18,nike vomero 12
19,asics gel nimbus 18
0,na
1,na
2,na
3,na
4,na
5,na
6,na
7,na
8,na
9,na
10,na
11,na
12,na
13,na
14,na
15,saucony guide 10
16,na
17,na
19,na
0,na
2,na
3,nike structure 20
4,na
5,na
6,na
7,na
8,na
11,na
12,na
14,na
15,na
16,nike structure 21
17,na
18,na
19,na
1,na
2,brooks ghost
3,na
4,na
5,saucony triumph
6,na
7,na
9,na
10,na
11,na
13,na
14,na
15,na
16,na
17,na
18,mizuno wave ultima
19,na
0,na
1,na
2,na
3,na
4,brooks glycerin 15
5,na
6,saucony ride 10
7,na
8,na
9,saucony xodus
10,na
11,na
12,na
13,na
14,adidas ultra boost
15,na
16,brooks gliceryn
17,na
18,brooks adrenaline gts 18
0,na
1,na
2,new balance fresh foam zante v3
3,na
4,na
5,nike free
6,na
7,na
8,na
9,na
10,na
11,na
12,nike zoom pegasus 34
13,na
15,na
16,na
17,na
19,na
1,na
2,na
3,na
4,na
5,under armour ua hovr phantom
6,na
7,na
8,na
9,na
10,asics roadhawk ff
12,enix v2
13,na
14,na
15,new balance 880
16,na
17,asics pulse 6
18,na
19,na
1,na
2,na
3,na
4,na
5,asics gel-pulse 9
7,na
8,na
9,na
10,na
11,on cloudflow
12,na
13,na
15,na
16,na
17,na
18,na
19,na
0,asics gel cumulus 19
1,asics cumulus 19
2,na
3,na
4,na
5,na
6,new balance vazee urge
7,new balance vazee urge
8,na
9,na
10,na
12,na
13,na
14,na
15,na
16,na
17,asics kayano 21
18,na
19,na
0,na
1,adidas ultraboost
2,adidas response cushion
3,adidas supernova glide 8m
4,na
5,na
6,hoka one one bondi
7,na
8,na
10,na
13,brooks leviatan
14,brooks cascadia
15,na
16,na
17,na
18,topo athletic fly-lite
19,na
2,na
3,asics roadhawk
4,asics gel pulse 8
5,na
7,na
8,nike air zoom vomero 12
9,asics gt-2000 v6
10,na
12,na
13,na
15,na
16,na
17,na
18,na
19,inov-8 roadclaw 275 v2
0,na
1,na
2,na
3,asics fuji
4,na
5,asics gel nimbus 20
6,na
7,na
8,na
9,na
11,na
12,na
13,na
15,na
16,na
17,na
18,na
19,na
0,na
2,asics gel pulse 9
3,na
4,nike pegasus 35
5,na
6,mizuno wave shadow ss18
7,na
9,asics nimbus 16
10,asics gel cumulus 18
11,na
12,saucony triumph iso 3
13,na
14,na
15,na
16,na
17,na
18,na
19,na
0,na
1,na
3,na
4,na
6,asics gel nimbus 20
7,na
8,na
9,na
10,na
11,na
12,na
13,na
14,na
15,na
16,na
17,na
18,na
19,na
1,adidas adizero tempo
2,na
3,na
4,na
5,na
6,na
7,asics gel kayano 23
9,na
10,na
11,na
12,na
13,na
14,na
15,na
16,na
17,na
0,adidas energy boost
1,asics nimbus 20
2,na
3,na
4,na
5,na
6,na
7,nike vomero 10
8,na
9,na
10,na
12,na
13,reebok sublite
14,na
15,na
16,na
17,merrell bare access 4
18,na
19,na
0,na
1,nike vomero 11
2,saucony phoenix 8
3,na
4,na
5,na
6,na
7,na
8,na
9,saucony triumph iso 3 lr
10,na
11,na
12,na
13,na
14,na
15,brooks adrenaline gts
17,na
18,merrell vare acces
19,na
0,na
3,na
4,na
5,na
6,na
7,na
8,na
9,na
10,na
11,na
12,na
13,mizuno enigma 6
14,na
16,na
17,na
18,nike vomero 13
19,na
0,na
1,na
2,adidas supernova
3,na
4,na
5,joma hispalis xviii
6,na
7,nike pegasus 34
8,na
9,na
11,na
12,na
13,na
14,na
15,na
16,asics gel kayano 25
17,na
18,na
19,na
0,na
1,adidas solarboost
2,na
3,na
5,na
6,na
7,na
8,na
9,na
10,na
11,na
12,na
13,na
14,na
15,na
16,na
17,na
18,na
19,na
0,na
1,na
2,na
3,na
4,na
6,na
8,na
9,na
10,na
11,na
12,na
14,na
15,on cloudsourfe
16,na
18,na
19,na
0,na
2,na
5,na
6,brooks glycerin
7,na
8,na
9,na
10,nike pegasus 32
11,na
12,na
13,na
14,na
15,na
16,na
17,na
18,asics dynamics
19,asics kayano22
0,na
1,na
2,brooks adrenaline gts
3,asics nimbus 20
4,na
5,na
6,na
7,nike pegasus 32
8,na
9,na
10,na
12,na
13,na
14,na
15,na
16,na
17,asics nimbus
18,na
19,na
0,na
1,na
2,na
4,na
5,na
6,na
7,na
8,na
9,na
10,na
11,na
12,na
13,na
14,na
15,na
16,na
17,na
18,na
2,na
3,na
6,na
7,adidas supernova
8,adidas adizero boston 6
9,brooks levitate
10,na
11,na
14,adidas supernova
15,na
16,na
17,na
18,na
19,na
0,na
1,na
2,joma hispalis xvii
4,na
5,skechers ride 6
6,na
7,na
11,na
14,na
15,na
16,saucony triumph
17,na
18,na
19,kalenji kiprun ld
0,na
1,na
2,asics nimbus 18
3,na
4,na
5,na
6,na
7,na
8,mizuno wave inspire 12
9,na
10,na
12,nike pegasus 34
13,na
14,na
15,brooks ghost
16,na
18,na
19,na
0,na
2,na
3,na
4,na
6,na
7,na
8,na
9,na
10,na
11,na
12,na
13,na
14,na
15,na
16,na
18,na
19,na
0,na
1,na
2,na
4,adidas supernova glide boost 7
5,na
6,na
7,na
8,na
9,na
10,na
11,saucony f√©nix
12,na
13,na
14,na
17,na
18,na
19,na
1,na
2,na
3,na
4,na
5,na
6,na
7,na
8,new balance 1500v1
9,asics gel-pursue 3
12,na
13,na
14,na
15,na
17,na
18,na
0,nike lunarepic flyknit
1,na
2,na
3,asics gel kayano 22
4,na
5,na
6,na
7,na
10,na
11,na
12,na
13,na
14,na
15,na
16,nike pegasus 34
17,na
18,na
19,na
0,na
1,na
2,na
3,na
4,na
5,na
6,na
7,na
8,na
9,new balance 880v5
12,na
13,na
14,na
15,new balance leadville 1020
16,salomon sonic pro
17,na
18,brooks ravenna
19,adidas supernova glide 8 climachill
0,na
1,na
2,na
3,na
4,asics gel-nimbus
5,asics gt-2000
6,na
7,na
8,na
9,na
11,na
12,na
14,na
15,na
17,na
18,na
19,na
0,na
1,na
3,na
4,na
5,na
6,na
7,na
8,na
9,na
10,nike air zoom pegasus
11,na
12,na
13,na
15,na
16,adidas ultra boost st
17,na
18,new balance fresh foam
19,na
0,asics gel cumulus 18
2,na
3,na
4,na
5,na
6,la sportiva ultra raptor
7,na
8,na
9,na
10,asics gel pulse 7
11,na
12,na
13,na
15,merrell bare acces 4 trail
16,na
17,na
18,na
19,na
1,na
2,na
3,na
4,brooks gts18
5,na
6,na
7,na
8,na
10,na
12,new balance m1080v8
13,brooks adrenaline gts 18
14,nike lunarglide 9
15,brooks brooks glycerin 15
16,na
17,na
18,na
19,na
0,na
1,na
3,na
4,brooks levitate 2
5,asics gel kayano 24
6,na
7,na
8,adidas alphabounce em
9,na
10,na
12,na
13,na
14,asics nimbus
15,new balance gris
16,na
17,na
18,na
19,na
0,na
2,na
3,na
4,na
5,na
6,na
7,na
8,asics fluidfit
9,na
10,nike zoom airflo5
12,na
13,asics asics asics gel-cumulus 18 
15,na
16,new balance 880 v8
17,na
18,asics gel-cumulus 18
0,na
2,na
3,na
4,na
6,na
7,na
8,na
9,na
10,adidas adidas supernova sequence 7
11,na
13,na
14,na
15,na
16,na
17,na
18,na
19,na
0,na
1,na
2,brooks transcend
3,asics gel 2e width
4,na
5,na
6,na
7,na
8,na
9,na
10,na
11,na
12,na
13,brooks adrenaline gts
15,na
16,na
17,na
18,na
19,na
0,na
1,na
2,mizuno wave inspire 14
3,na
4,na
5,na
7,na
8,reebok harmony road
9,na
10,na
11,na
12,havaianas huaraches
13,na
15,na
16,na
17,na
18,na
19,mizuno wave rider 20
0,adidas boost supernova sequence 9
1,na
3,na
4,adidas supernova m
6,na
7,na
9,na
10,na
11,na
12,na
13,na
14,reebok harmony road 2
15,mizuno wave moverick
16,na
17,na
18,na
19,na
0,na
1,adidas response boost
2,na
4,na
5,na
6,na
9,na
11,na
12,na
13,na
14,na
15,na
16,na
17,new balance 880v8 
18,na
19,na
0,na
1,na
2,na
4,na
5,na
7,na
8,na
9,na
10,new balance wp8
11,na
12,na
14,na
15,brooks ghost 11
16,na
17,na
18,na
19,saucony iso 3
0,na
1,na
2,na
3,na
4,na
5,nike pegasus
6,na
8,na
9,na
10,na
11,adidas adizero adios
12,na
14,na
15,na
17,na
18,asics dynaflyte 2
19,na
0,na
1,na
2,nike lunarglide 8
3,na
5,na
6,na
7,na
8,na
9,na
10,na
11,nike pegasus 33
12,na
13,na
14,na
15,asics cumulus 19
16,na
19,na
0,na
1,na
2,salomon sense pro
3,na
5,na
6,na
7,asics kayano 20
8,na
9,na
10,na
11,saucony ride9
12,na
13,na
15,na
16,na
17,na
18,na
19,na
0,na
1,na
2,nike vomero 10
3,na
4,na
5,na
7,brooks glycerin 16
8,na
9,na
10,na
11,na
12,na
13,na
14,na
17,na
18,na
19,na
0,brooks addiction
1,na
2,na
3,na
4,saucony jazz
5,nike free
6,na
7,na
8,na
9,na
10,asics cumulus 17
11,na
12,na
13,na
14,na
15,na
16,na
17,na
18,na
19,na
0,na
1,na
2,na
3,na
5,na
6,na
7,asics nimbus 19
8,na
9,na
10,na
11,na
14,na
19,na
